City/Town,0BR,1BR,2BR,3BR,4BR,,Source
Abington,1145 ,1309 ,1723 ,2181 ,2505 ,,https://www.rentdata.org/states/massachusetts/2022
Acton,1658 ,1826 ,2205 ,2726 ,2990 ,,
Acushnet,809 ,903 ,1114 ,1377 ,1511 ,,
Adams,848 ,1013 ,1277 ,1623 ,1759 ,,
Agawam,727 ,874 ,1094 ,1353 ,1623 ,,
Alford,940 ,1016 ,1337 ,1653 ,1877 ,,
Amesbury,1658 ,1826 ,2205 ,2726 ,2990 ,,
Amherst,727 ,874 ,1094 ,1353 ,1623 ,,
Andover,1040 ,1219 ,1565 ,1935 ,2122 ,,
Aquinnahtown,1824 ,1942 ,2213 ,2736 ,3186 ,,
Arlington,1658 ,1826 ,2205 ,2726 ,2990 ,,
Ashburnham,865 ,871 ,1146 ,1447 ,1727 ,,
Ashby,1658 ,1826 ,2205 ,2726 ,2990 ,,
Ashfield,798 ,909 ,1160 ,1488 ,1672 ,,
Ashland,1658 ,1826 ,2205 ,2726 ,2990 ,,
Athol,792 ,797 ,1049 ,1417 ,1423 ,,
Attleboro,913 ,1026 ,1234 ,1525 ,1868 ,,
Auburn,1103 ,1162 ,1491 ,1843 ,2022 ,,
Avon,1145 ,1309 ,1723 ,2181 ,2505 ,,
Ayer,1658 ,1826 ,2205 ,2726 ,2990 ,,
Barnstable,1248 ,1428 ,1879 ,2323 ,2548 ,,
Barre,1103 ,1162 ,1491 ,1843 ,2022 ,,
Becket,940 ,1016 ,1337 ,1653 ,1877 ,,
Bedford,1658 ,1826 ,2205 ,2726 ,2990 ,,
Belchertown,727 ,874 ,1094 ,1353 ,1623 ,,
Bellingham,1658 ,1826 ,2205 ,2726 ,2990 ,,
Belmont,1658 ,1826 ,2205 ,2726 ,2990 ,,
Berkley,952 ,1110 ,1433 ,1836 ,2052 ,,
Berlin,928 ,1062 ,1397 ,1789 ,2210 ,,
Bernardston,798 ,909 ,1160 ,1488 ,1672 ,,
Beverly,1658 ,1826 ,2205 ,2726 ,2990 ,,
Billerica,1237 ,1359 ,1773 ,2192 ,2404 ,,
Blackstone,928 ,1062 ,1397 ,1789 ,2210 ,,
Blandford,727 ,874 ,1094 ,1353 ,1623 ,,
Bolton,928 ,1062 ,1397 ,1789 ,2210 ,,
Boston,1658 ,1826 ,2205 ,2726 ,2990 ,,
Bourne,1248 ,1428 ,1879 ,2323 ,2548 ,,
Boxborough,1658 ,1826 ,2205 ,2726 ,2990 ,,
Boxford,1040 ,1219 ,1565 ,1935 ,2122 ,,
Boylston,1103 ,1162 ,1491 ,1843 ,2022 ,,
Braintree,1658 ,1826 ,2205 ,2726 ,2990 ,,
Brewster,1248 ,1428 ,1879 ,2323 ,2548 ,,
Bridgewater,1145 ,1309 ,1723 ,2181 ,2505 ,,
Brimfield,727 ,874 ,1094 ,1353 ,1623 ,,
Brockton,1145 ,1309 ,1723 ,2181 ,2505 ,,
Brookfield,1103 ,1162 ,1491 ,1843 ,2022 ,,
Brookline,1658 ,1826 ,2205 ,2726 ,2990 ,,
Buckland,798 ,909 ,1160 ,1488 ,1672 ,,
Burlington,1658 ,1826 ,2205 ,2726 ,2990 ,,
Cambridge,1658 ,1826 ,2205 ,2726 ,2990 ,,
Canton,1658 ,1826 ,2205 ,2726 ,2990 ,,
Carlisle,1658 ,1826 ,2205 ,2726 ,2990 ,,
Carver,1658 ,1826 ,2205 ,2726 ,2990 ,,
Charlemont,798 ,909 ,1160 ,1488 ,1672 ,,
Charlton,1103 ,1162 ,1491 ,1843 ,2022 ,,
Chatham,1248 ,1428 ,1879 ,2323 ,2548 ,,
Chelmsford,1237 ,1359 ,1773 ,2192 ,2404 ,,
Chelsea,1658 ,1826 ,2205 ,2726 ,2990 ,,
Cheshire,848 ,1013 ,1277 ,1623 ,1759 ,,
Chester,727 ,874 ,1094 ,1353 ,1623 ,,
Chesterfield,727 ,874 ,1094 ,1353 ,1623 ,,
Chicopee,727 ,874 ,1094 ,1353 ,1623 ,,
Chilmarktown,1824 ,1942 ,2213 ,2736 ,3186 ,,
Clarksburg,940 ,1016 ,1337 ,1653 ,1877 ,,
Clinton,1103 ,1162 ,1491 ,1843 ,2022 ,,
Cohasset,1658 ,1826 ,2205 ,2726 ,2990 ,,
Colrain,798 ,909 ,1160 ,1488 ,1672 ,,
Concord,1658 ,1826 ,2205 ,2726 ,2990 ,,
Conway,798 ,909 ,1160 ,1488 ,1672 ,,
Cummington,727 ,874 ,1094 ,1353 ,1623 ,,
Dalton,848 ,1013 ,1277 ,1623 ,1759 ,,
Danvers,1658 ,1826 ,2205 ,2726 ,2990 ,,
Dartmouth,809 ,903 ,1114 ,1377 ,1511 ,,
Dedham,1658 ,1826 ,2205 ,2726 ,2990 ,,
Deerfield,798 ,909 ,1160 ,1488 ,1672 ,,
Dennis,1248 ,1428 ,1879 ,2323 ,2548 ,,
Dighton,952 ,1110 ,1433 ,1836 ,2052 ,,
Douglas,1103 ,1162 ,1491 ,1843 ,2022 ,,
Dover,1658 ,1826 ,2205 ,2726 ,2990 ,,
Dracut,1237 ,1359 ,1773 ,2192 ,2404 ,,
Dudley,1103 ,1162 ,1491 ,1843 ,2022 ,,
Dunstable,1237 ,1359 ,1773 ,2192 ,2404 ,,
Duxbury,1658 ,1826 ,2205 ,2726 ,2990 ,,
EastBridgewater,1145 ,1309 ,1723 ,2181 ,2505 ,,
EastBrookfield,1103 ,1162 ,1491 ,1843 ,2022 ,,
EastLongmeadow,727 ,874 ,1094 ,1353 ,1623 ,,
Eastham,1248 ,1428 ,1879 ,2323 ,2548 ,,
Easthampton,727 ,874 ,1094 ,1353 ,1623 ,,
Easton,1374 ,1416 ,1863 ,2320 ,2834 ,,
Edgartowntown,1824 ,1942 ,2213 ,2736 ,3186 ,,
Egremont,940 ,1016 ,1337 ,1653 ,1877 ,,
Erving,798 ,909 ,1160 ,1488 ,1672 ,,
Essex,1658 ,1826 ,2205 ,2726 ,2990 ,,
Everett,1658 ,1826 ,2205 ,2726 ,2990 ,,
Fairhaven,809 ,903 ,1114 ,1377 ,1511 ,,
FallRiver,913 ,1026 ,1234 ,1525 ,1868 ,,
Falmouth,1248 ,1428 ,1879 ,2323 ,2548 ,,
Fitchburg,865 ,871 ,1146 ,1447 ,1727 ,,
Florida,940 ,1016 ,1337 ,1653 ,1877 ,,
Foxborough,1658 ,1826 ,2205 ,2726 ,2990 ,,
Framingham,1658 ,1826 ,2205 ,2726 ,2990 ,,
Franklin,1658 ,1826 ,2205 ,2726 ,2990 ,,
Freetown,809 ,903 ,1114 ,1377 ,1511 ,,
Gardner,865 ,871 ,1146 ,1447 ,1727 ,,
Georgetown,1040 ,1219 ,1565 ,1935 ,2122 ,,
Gill,798 ,909 ,1160 ,1488 ,1672 ,,
Gloucester,1658 ,1826 ,2205 ,2726 ,2990 ,,
Goshen,727 ,874 ,1094 ,1353 ,1623 ,,
Gosnoldtown,1824 ,1942 ,2213 ,2736 ,3186 ,,
Grafton,1103 ,1162 ,1491 ,1843 ,2022 ,,
Granby,727 ,874 ,1094 ,1353 ,1623 ,,
Granville,727 ,874 ,1094 ,1353 ,1623 ,,
GreatBarrington,940 ,1016 ,1337 ,1653 ,1877 ,,
Greenfield,798 ,909 ,1160 ,1488 ,1672 ,,
Groton,1237 ,1359 ,1773 ,2192 ,2404 ,,
Groveland,1040 ,1219 ,1565 ,1935 ,2122 ,,
Hadley,727 ,874 ,1094 ,1353 ,1623 ,,
Halifax,1145 ,1309 ,1723 ,2181 ,2505 ,,
Hamilton,1658 ,1826 ,2205 ,2726 ,2990 ,,
Hampden,727 ,874 ,1094 ,1353 ,1623 ,,
Hancock,940 ,1016 ,1337 ,1653 ,1877 ,,
Hanover,1658 ,1826 ,2205 ,2726 ,2990 ,,
Hanson,1145 ,1309 ,1723 ,2181 ,2505 ,,
Hardwick,792 ,797 ,1049 ,1417 ,1423 ,,
Harvard,928 ,1062 ,1397 ,1789 ,2210 ,,
Harwich,1248 ,1428 ,1879 ,2323 ,2548 ,,
Hatfield,727 ,874 ,1094 ,1353 ,1623 ,,
Haverhill,1040 ,1219 ,1565 ,1935 ,2122 ,,
Hawley,798 ,909 ,1160 ,1488 ,1672 ,,
Heath,798 ,909 ,1160 ,1488 ,1672 ,,
Hingham,1658 ,1826 ,2205 ,2726 ,2990 ,,
Hinsdale,848 ,1013 ,1277 ,1623 ,1759 ,,
Holbrook,1658 ,1826 ,2205 ,2726 ,2990 ,,
Holden,1103 ,1162 ,1491 ,1843 ,2022 ,,
Holland,727 ,874 ,1094 ,1353 ,1623 ,,
Holliston,1658 ,1826 ,2205 ,2726 ,2990 ,,
Holyoke,727 ,874 ,1094 ,1353 ,1623 ,,
Hopedale,928 ,1062 ,1397 ,1789 ,2210 ,,
Hopkinton,1658 ,1826 ,2205 ,2726 ,2990 ,,
Hubbardston,792 ,797 ,1049 ,1417 ,1423 ,,
Hudson,1658 ,1826 ,2205 ,2726 ,2990 ,,
Hull,1658 ,1826 ,2205 ,2726 ,2990 ,,
Huntington,727 ,874 ,1094 ,1353 ,1623 ,,
Ipswich,1658 ,1826 ,2205 ,2726 ,2990 ,,
Kingston,1658 ,1826 ,2205 ,2726 ,2990 ,,
Lakeville,1145 ,1309 ,1723 ,2181 ,2505 ,,
Lancaster,928 ,1062 ,1397 ,1789 ,2210 ,,
Lanesborough,848 ,1013 ,1277 ,1623 ,1759 ,,
Lawrence,1040 ,1219 ,1565 ,1935 ,2122 ,,
Lee,848 ,1013 ,1277 ,1623 ,1759 ,,
Leicester,1103 ,1162 ,1491 ,1843 ,2022 ,,
Lenox,848 ,1013 ,1277 ,1623 ,1759 ,,
Leominster,865 ,871 ,1146 ,1447 ,1727 ,,
Leverett,798 ,909 ,1160 ,1488 ,1672 ,,
Lexington,1658 ,1826 ,2205 ,2726 ,2990 ,,
Leyden,798 ,909 ,1160 ,1488 ,1672 ,,
Lincoln,1658 ,1826 ,2205 ,2726 ,2990 ,,
Littleton,1658 ,1826 ,2205 ,2726 ,2990 ,,
Longmeadow,727 ,874 ,1094 ,1353 ,1623 ,,
Lowell,1237 ,1359 ,1773 ,2192 ,2404 ,,
Ludlow,727 ,874 ,1094 ,1353 ,1623 ,,
Lunenburg,865 ,871 ,1146 ,1447 ,1727 ,,
Lynn,1658 ,1826 ,2205 ,2726 ,2990 ,,
Lynnfield,1658 ,1826 ,2205 ,2726 ,2990 ,,
Malden,1658 ,1826 ,2205 ,2726 ,2990 ,,
Manchester-by-the-Sea,1658 ,1826 ,2205 ,2726 ,2990 ,,
Mansfield,952 ,1110 ,1433 ,1836 ,2052 ,,
Marblehead,1658 ,1826 ,2205 ,2726 ,2990 ,,
Marion,1145 ,1309 ,1723 ,2181 ,2505 ,,
Marlborough,1658 ,1826 ,2205 ,2726 ,2990 ,,
Marshfield,1658 ,1826 ,2205 ,2726 ,2990 ,,
Mashpee,1248 ,1428 ,1879 ,2323 ,2548 ,,
Mattapoisett,1145 ,1309 ,1723 ,2181 ,2505 ,,
Maynard,1658 ,1826 ,2205 ,2726 ,2990 ,,
Medfield,1658 ,1826 ,2205 ,2726 ,2990 ,,
Medford,1658 ,1826 ,2205 ,2726 ,2990 ,,
Medway,1658 ,1826 ,2205 ,2726 ,2990 ,,
Melrose,1658 ,1826 ,2205 ,2726 ,2990 ,,
Mendon,928 ,1062 ,1397 ,1789 ,2210 ,,
Merrimac,1040 ,1219 ,1565 ,1935 ,2122 ,,
Methuen,1040 ,1219 ,1565 ,1935 ,2122 ,,
Middleborough,1145 ,1309 ,1723 ,2181 ,2505 ,,
Middlefield,727 ,874 ,1094 ,1353 ,1623 ,,
Middleton,1658 ,1826 ,2205 ,2726 ,2990 ,,
Milford,928 ,1062 ,1397 ,1789 ,2210 ,,
Millbury,1103 ,1162 ,1491 ,1843 ,2022 ,,
Millis,1658 ,1826 ,2205 ,2726 ,2990 ,,
Millville,928 ,1062 ,1397 ,1789 ,2210 ,,
Milton,1658 ,1826 ,2205 ,2726 ,2990 ,,
Monroe,798 ,909 ,1160 ,1488 ,1672 ,,
Monson,727 ,874 ,1094 ,1353 ,1623 ,,
Montague,798 ,909 ,1160 ,1488 ,1672 ,,
Monterey,940 ,1016 ,1337 ,1653 ,1877 ,,
Montgomery,727 ,874 ,1094 ,1353 ,1623 ,,
MountWashington,940 ,1016 ,1337 ,1653 ,1877 ,,
Nahant,1658 ,1826 ,2205 ,2726 ,2990 ,,
Nantuckettown,1587 ,1848 ,2388 ,3236 ,3438 ,,
Natick,1658 ,1826 ,2205 ,2726 ,2990 ,,
Needham,1658 ,1826 ,2205 ,2726 ,2990 ,,
NewAshford,940 ,1016 ,1337 ,1653 ,1877 ,,
NewBedford,809 ,903 ,1114 ,1377 ,1511 ,,
NewBraintree,792 ,797 ,1049 ,1417 ,1423 ,,
NewMarlborough,940 ,1016 ,1337 ,1653 ,1877 ,,
NewSalem,798 ,909 ,1160 ,1488 ,1672 ,,
Newbury,1658 ,1826 ,2205 ,2726 ,2990 ,,
Newburyport,1658 ,1826 ,2205 ,2726 ,2990 ,,
Newton,1658 ,1826 ,2205 ,2726 ,2990 ,,
Norfolk,1658 ,1826 ,2205 ,2726 ,2990 ,,
NorthAdams,940 ,1016 ,1337 ,1653 ,1877 ,,
NorthAndover,1040 ,1219 ,1565 ,1935 ,2122 ,,
NorthAttleborough,913 ,1026 ,1234 ,1525 ,1868 ,,
NorthBrookfield,1103 ,1162 ,1491 ,1843 ,2022 ,,
NorthReading,1658 ,1826 ,2205 ,2726 ,2990 ,,
Northampton,727 ,874 ,1094 ,1353 ,1623 ,,
Northborough,1103 ,1162 ,1491 ,1843 ,2022 ,,
Northbridge,1103 ,1162 ,1491 ,1843 ,2022 ,,
Northfield,798 ,909 ,1160 ,1488 ,1672 ,,
Norton,952 ,1110 ,1433 ,1836 ,2052 ,,
Norwell,1658 ,1826 ,2205 ,2726 ,2990 ,,
Norwood,1658 ,1826 ,2205 ,2726 ,2990 ,,
OakBluffstown,1824 ,1942 ,2213 ,2736 ,3186 ,,
Oakham,1103 ,1162 ,1491 ,1843 ,2022 ,,
Orange,798 ,909 ,1160 ,1488 ,1672 ,,
Orleans,1248 ,1428 ,1879 ,2323 ,2548 ,,
Otis,940 ,1016 ,1337 ,1653 ,1877 ,,
Oxford,1103 ,1162 ,1491 ,1843 ,2022 ,,
Palmer,727 ,874 ,1094 ,1353 ,1623 ,,
Paxton,1103 ,1162 ,1491 ,1843 ,2022 ,,
Peabody,1658 ,1826 ,2205 ,2726 ,2990 ,,
Pelham,727 ,874 ,1094 ,1353 ,1623 ,,
Pembroke,1658 ,1826 ,2205 ,2726 ,2990 ,,
Pepperell,1237 ,1359 ,1773 ,2192 ,2404 ,,
Peru,940 ,1016 ,1337 ,1653 ,1877 ,,
Petersham,792 ,797 ,1049 ,1417 ,1423 ,,
Phillipston,792 ,797 ,1049 ,1417 ,1423 ,,
Pittsfield,848 ,1013 ,1277 ,1623 ,1759 ,,
Plainfield,727 ,874 ,1094 ,1353 ,1623 ,,
Plainville,1658 ,1826 ,2205 ,2726 ,2990 ,,
Plymouth,1658 ,1826 ,2205 ,2726 ,2990 ,,
Plympton,1145 ,1309 ,1723 ,2181 ,2505 ,,
Princeton,1103 ,1162 ,1491 ,1843 ,2022 ,,
Provincetown,1248 ,1428 ,1879 ,2323 ,2548 ,,
Quincy,1658 ,1826 ,2205 ,2726 ,2990 ,,
Randolph,1658 ,1826 ,2205 ,2726 ,2990 ,,
Raynham,1374 ,1416 ,1863 ,2320 ,2834 ,,
Reading,1658 ,1826 ,2205 ,2726 ,2990 ,,
Rehoboth,913 ,1026 ,1234 ,1525 ,1868 ,,
Revere,1658 ,1826 ,2205 ,2726 ,2990 ,,
Richmond,848 ,1013 ,1277 ,1623 ,1759 ,,
Rochester,1145 ,1309 ,1723 ,2181 ,2505 ,,
Rockland,1658 ,1826 ,2205 ,2726 ,2990 ,,
Rockport,1658 ,1826 ,2205 ,2726 ,2990 ,,
Rowe,798 ,909 ,1160 ,1488 ,1672 ,,
Rowley,1658 ,1826 ,2205 ,2726 ,2990 ,,
Royalston,792 ,797 ,1049 ,1417 ,1423 ,,
Russell,727 ,874 ,1094 ,1353 ,1623 ,,
Rutland,1103 ,1162 ,1491 ,1843 ,2022 ,,
Salem,1658 ,1826 ,2205 ,2726 ,2990 ,,
Salisbury,1658 ,1826 ,2205 ,2726 ,2990 ,,
Sandisfield,940 ,1016 ,1337 ,1653 ,1877 ,,
Sandwich,1248 ,1428 ,1879 ,2323 ,2548 ,,
Saugus,1658 ,1826 ,2205 ,2726 ,2990 ,,
Savoy,940 ,1016 ,1337 ,1653 ,1877 ,,
Scituate,1658 ,1826 ,2205 ,2726 ,2990 ,,
Seekonk,913 ,1026 ,1234 ,1525 ,1868 ,,
Sharon,1658 ,1826 ,2205 ,2726 ,2990 ,,
Sheffield,940 ,1016 ,1337 ,1653 ,1877 ,,
Shelburne,798 ,909 ,1160 ,1488 ,1672 ,,
Sherborn,1658 ,1826 ,2205 ,2726 ,2990 ,,
Shirley,1658 ,1826 ,2205 ,2726 ,2990 ,,
Shrewsbury,1103 ,1162 ,1491 ,1843 ,2022 ,,
Shutesbury,798 ,909 ,1160 ,1488 ,1672 ,,
Somerset,913 ,1026 ,1234 ,1525 ,1868 ,,
Somerville,1658 ,1826 ,2205 ,2726 ,2990 ,,
SouthHadley,727 ,874 ,1094 ,1353 ,1623 ,,
Southampton,727 ,874 ,1094 ,1353 ,1623 ,,
Southborough,928 ,1062 ,1397 ,1789 ,2210 ,,
Southbridge,1103 ,1162 ,1491 ,1843 ,2022 ,,
Southwick,727 ,874 ,1094 ,1353 ,1623 ,,
Spencer,1103 ,1162 ,1491 ,1843 ,2022 ,,
Springfield,727 ,874 ,1094 ,1353 ,1623 ,,
Sterling,1103 ,1162 ,1491 ,1843 ,2022 ,,
Stockbridge,848 ,1013 ,1277 ,1623 ,1759 ,,
Stoneham,1658 ,1826 ,2205 ,2726 ,2990 ,,
Stoughton,1658 ,1826 ,2205 ,2726 ,2990 ,,
Stow,1658 ,1826 ,2205 ,2726 ,2990 ,,
Sturbridge,1103 ,1162 ,1491 ,1843 ,2022 ,,
Sudbury,1658 ,1826 ,2205 ,2726 ,2990 ,,
Sunderland,798 ,909 ,1160 ,1488 ,1672 ,,
Sutton,1103 ,1162 ,1491 ,1843 ,2022 ,,
Swampscott,1658 ,1826 ,2205 ,2726 ,2990 ,,
Swansea,913 ,1026 ,1234 ,1525 ,1868 ,,
Taunton,952 ,1110 ,1433 ,1836 ,2052 ,,
Templeton,865 ,871 ,1146 ,1447 ,1727 ,,
Tewksbury,1237 ,1359 ,1773 ,2192 ,2404 ,,
Tisburytown,1824 ,1942 ,2213 ,2736 ,3186 ,,
Tolland,727 ,874 ,1094 ,1353 ,1623 ,,
Topsfield,1658 ,1826 ,2205 ,2726 ,2990 ,,
Townsend,1658 ,1826 ,2205 ,2726 ,2990 ,,
Truro,1248 ,1428 ,1879 ,2323 ,2548 ,,
Tyngsborough,1237 ,1359 ,1773 ,2192 ,2404 ,,
Tyringham,940 ,1016 ,1337 ,1653 ,1877 ,,
Upton,928 ,1062 ,1397 ,1789 ,2210 ,,
Uxbridge,1103 ,1162 ,1491 ,1843 ,2022 ,,
Wakefield,1658 ,1826 ,2205 ,2726 ,2990 ,,
Wales,727 ,874 ,1094 ,1353 ,1623 ,,
Walpole,1658 ,1826 ,2205 ,2726 ,2990 ,,
Waltham,1658 ,1826 ,2205 ,2726 ,2990 ,,
Ware,727 ,874 ,1094 ,1353 ,1623 ,,
Wareham,1658 ,1826 ,2205 ,2726 ,2990 ,,
Warren,792 ,797 ,1049 ,1417 ,1423 ,,
Warwick,798 ,909 ,1160 ,1488 ,1672 ,,
Washington,940 ,1016 ,1337 ,1653 ,1877 ,,
Watertown,1658 ,1826 ,2205 ,2726 ,2990 ,,
Wayland,1658 ,1826 ,2205 ,2726 ,2990 ,,
Webster,1103 ,1162 ,1491 ,1843 ,2022 ,,
Wellesley,1658 ,1826 ,2205 ,2726 ,2990 ,,
Wellfleet,1248 ,1428 ,1879 ,2323 ,2548 ,,
Wendell,798 ,909 ,1160 ,1488 ,1672 ,,
Wenham,1658 ,1826 ,2205 ,2726 ,2990 ,,
WestBoylston,1103 ,1162 ,1491 ,1843 ,2022 ,,
WestBridgewater,1145 ,1309 ,1723 ,2181 ,2505 ,,
WestBrookfield,1103 ,1162 ,1491 ,1843 ,2022 ,,
WestNewbury,1040 ,1219 ,1565 ,1935 ,2122 ,,
WestSpringfield,727 ,874 ,1094 ,1353 ,1623 ,,
WestStockbridge,940 ,1016 ,1337 ,1653 ,1877 ,,
WestTisburytown,1824 ,1942 ,2213 ,2736 ,3186 ,,
Westborough,1103 ,1162 ,1491 ,1843 ,2022 ,,
Westfield,727 ,874 ,1094 ,1353 ,1623 ,,
Westford,1237 ,1359 ,1773 ,2192 ,2404 ,,
Westhampton,727 ,874 ,1094 ,1353 ,1623 ,,
Westminster,865 ,871 ,1146 ,1447 ,1727 ,,
Weston,1658 ,1826 ,2205 ,2726 ,2990 ,,
Westport,913 ,1026 ,1234 ,1525 ,1868 ,,
Westwood,1658 ,1826 ,2205 ,2726 ,2990 ,,
Weymouth,1658 ,1826 ,2205 ,2726 ,2990 ,,
Whately,798 ,909 ,1160 ,1488 ,1672 ,,
Whitman,1145 ,1309 ,1723 ,2181 ,2505 ,,
Wilbraham,727 ,874 ,1094 ,1353 ,1623 ,,
Williamsburg,727 ,874 ,1094 ,1353 ,1623 ,,
Williamstown,940 ,1016 ,1337 ,1653 ,1877 ,,
Wilmington,1658 ,1826 ,2205 ,2726 ,2990 ,,
Winchendon,865 ,871 ,1146 ,1447 ,1727 ,,
Winchester,1658 ,1826 ,2205 ,2726 ,2990 ,,
Windsor,940 ,1016 ,1337 ,1653 ,1877 ,,
Winthrop,1658 ,1826 ,2205 ,2726 ,2990 ,,
Woburn,1658 ,1826 ,2205 ,2726 ,2990 ,,
Worcester,1103 ,1162 ,1491 ,1843 ,2022 ,,
Worthington,727 ,874 ,1094 ,1353 ,1623 ,,
Wrentham,1658 ,1826 ,2205 ,2726 ,2990 ,,
Yarmouth,1248 ,1428 ,1879 ,2323 ,2548 ,,
